{
  "name": "Application Button",
  "description": "",
  "author": "",
  "library": "senseui-widgetlibrary",
  "meta": {
    "type": "navigation"
  },
  "properties": {
    "sections": [
      {
        "type": "header",
        "order": 0,
        "parent": "qw-pe-dropzone0-0",
        "ref": "header1",
        "label": "Action Button"
      }
    ],
    "settings": [
      {
        "component": "textarea",
        "defaultValue": "Action",
        "rows": 1,
        "maxlength": 50,
        "order": 0,
        "parent": "header1",
        "ref": "text",
        "label": "Button Text",
        "type": "string"
      },
      {
        "component": "dropdown",
        "type": "string",
        "defaultValue": "",
        "options": [
          {
            "label": "Back",
            "value": "back"
          },
          {
            "label": "Clear selections",
            "value": "clearAll"
          },
          {
            "label": "Reload app",
            "value": "doReload"
          },
          {
            "label": "Forward",
            "value": "forward"
          },
          {
            "label": "Lock all",
            "value": "lockAll"
          },
          {
            "label": "Unlock all",
            "value": "unlockAll"
          }
        ],
        "order": 1,
        "parent": "header1",
        "ref": "action",
        "label": "Action"
      },
      {
        "component": "dropdown",
        "type": "string",
        "defaultValue": "",
        "options": [
          {
            "label": "left",
            "value": "left"
          },
          {
            "label": "right",
            "value": "right"
          }
        ],
        "order": 3,
        "parent": "header1",
        "ref": "iconposition",
        "label": "Icon Position"
      },
      {
        "component": "dropdown",
        "type": "string",
        "defaultValue": "",
        "options": [
          {
            "label": "White",
            "value": "default"
          },
          {
            "label": "Green",
            "value": "success"
          },
          {
            "label": "Orange",
            "value": "warning"
          },
          {
            "label": "Red",
            "value": "error"
          },
          {
            "label": "Blue",
            "value": "blue"
          },
          {
            "label": "Purple",
            "value": "purple"
          },
          {
            "label": "Brown",
            "value": "brown"
          }
        ],
        "order": 4,
        "parent": "header1",
        "ref": "variant",
        "label": "Theme"
      },
      {
        "component": "dropdown",
        "type": "string",
        "defaultValue": "",
        "options": [
          {
            "label": "back",
            "value": "back"
          },
          {
            "label": "forward",
            "value": "forward"
          },
          {
            "label": "clear-selections",
            "value": "clear-selections"
          },
          {
            "label": "reload",
            "value": "reload"
          },
          {
            "label": "lock",
            "value": "lock"
          },
          {
            "label": "unlock",
            "value": "unlock"
          }
        ],
        "order": 2,
        "parent": "header1",
        "ref": "icon",
        "label": "Icon"
      }
    ]
  }
}